N,greedy_time_ms,greedy_cs,greedy_opt_pct,bnb_time_ms,bnb_cs,bnb_opt_pct,bnb_nodes_explored,bnb_nodes_pruned,bnb_explored_pct,ga_time_ms,ga_cs,ga_opt_pct
50,0.0221,3195.1000,100.0000,0.0440,3195.1000,100.0000,9,4,0.003908,92.9148,3185.3000,99.6933
100,0.0384,3424.2000,100.0000,0.0513,3424.2000,100.0000,9,4,0.000230,258.1421,3424.2000,100.0000
500,0.2061,3493.6000,100.0000,0.1341,3493.6000,100.0000,9,4,0.000000,1105.5067,3493.6000,100.0000
1000,0.4180,3570.7000,100.0000,1.2359,3570.7000,100.0000,9,4,0.000000,2626.7522,3570.7000,100.0000
